{"cameraMode":{"drawMode":0,"name":"Shaded","section":"Shading Mode"},"sceneLighting":false,"audioPlay":false,"sceneViewState":{"showFog":true,"showMaterialUpdate":false,"showSkybox":false,"showFlares":true,"showImageEffects":true,"showParticleSystems":true},"in2DMode":false,"pivot":{"x":22.350000381469728,"y":0.5499999523162842,"z":10.869999885559082},"rotation":{"x":-0.058248862624168399,"y":-0.8528106212615967,"z":0.5098361968994141,"w":-0.09765908122062683},"size":0.6123723983764648,"orthographic":false}