{"cameraMode":{"drawMode":0,"name":"Shaded","section":"Shading Mode"},"sceneLighting":false,"audioPlay":false,"sceneViewState":{"showFog":true,"showMaterialUpdate":false,"showSkybox":false,"showFlares":true,"showImageEffects":true,"showParticleSystems":true},"in2DMode":false,"pivot":{"x":21.995723724365236,"y":0.584673285484314,"z":11.205069541931153},"rotation":{"x":-0.04119221493601799,"y":-0.9567717909812927,"z":0.23294997215270997,"w":-0.16963370144367219},"size":0.9123724102973938,"orthographic":false}