{"cameraMode":{"drawMode":0,"name":"Shaded","section":"Shading Mode"},"sceneLighting":false,"audioPlay":false,"sceneViewState":{"showFog":true,"showMaterialUpdate":false,"showSkybox":false,"showFlares":true,"showImageEffects":true,"showParticleSystems":true},"in2DMode":false,"pivot":{"x":-22.280000686645509,"y":0.5499999523162842,"z":-11.65999984741211},"rotation":{"x":-0.4392533004283905,"y":-0.29577720165252688,"z":0.15580756962299348,"w":-0.8339173197746277},"size":0.6123723983764648,"orthographic":false}